{
	"credit": "Made with Blockbench",
	"texture_size": [
		64,
		64
	],
	"textures": {
		"0": "crafting_table",
		"particle": "crafting_table"
	},
	"elements": [
		{
			"from": [
				0,
				0,
				0
			],
			"to": [
				16,
				16,
				16
			],
			"faces": {
				"north": {
					"uv": [
						0,
						0,
						4,
						4
					],
					"texture": "#0"
				},
				"east": {
					"uv": [
						0,
						4,
						4,
						8
					],
					"texture": "#0"
				},
				"south": {
					"uv": [
						4,
						0,
						8,
						4
					],
					"texture": "#0"
				},
				"west": {
					"uv": [
						4,
						4,
						8,
						8
					],
					"texture": "#0"
				},
				"up": {
					"uv": [
						4,
						12,
						0,
						8
					],
					"texture": "#0"
				},
				"down": {
					"uv": [
						12,
						0,
						8,
						4
					],
					"texture": "#0"
				}
			}
		}
	],
	"display": {
		"thirdperson_righthand": {
			"translation": [
				0,
				-1.5,
				0
			],
			"scale": [
				0.46484,
				0.46484,
				0.46484
			]
		},
		"thirdperson_lefthand": {
			"translation": [
				0,
				-1.75,
				0.75
			],
			"scale": [
				0.40625,
				0.40625,
				0.40625
			]
		},
		"firstperson_righthand": {
			"rotation": [
				0,
				74.5,
				14.75
			],
			"translation": [
				1.5,
				1.75,
				3
			],
			"scale": [
				0.38086,
				0.38086,
				0.38086
			]
		},
		"firstperson_lefthand": {
			"rotation": [
				-156.52,
				57.89,
				159.72
			],
			"translation": [
				1,
				1.5,
				0
			],
			"scale": [
				0.41602,
				0.41602,
				0.41602
			]
		},
		"ground": {
			"scale": [
				0.32422,
				0.32422,
				0.32422
			]
		},
		"head": {
			"translation": [
				0,
				5,
				0
			],
			"scale": [
				0.91016,
				0.91016,
				0.91016
			]
		},
		"fixed": {
			"translation": [
				0,
				0,
				3
			],
			"scale": [
				0.58594,
				0.58594,
				0.58594
			]
		}
	}
}