[
    {
        "section": "MateoCommunity & MateoStudios",
        "disciplines": [
            {
                "discipline": "MateoCommunity & MateoStudios Leadership",
                "titles": [
                    {
                        "title": "Studio Head of MateoStudios & MateoCommunity",
                        "names": [
                            "Mateo161013"
                        ]
                    }
                ]
            },
            {
                "discipline": "Design",
                "titles": [
                    {
                        "title": "TexturePack Designers",
                        "names": [
                            "Mateo161013"
                        ]
                    }
                ]
            },
            {
                "discipline": "Visual Arts",
                "titles": [
                    {
                        "title": "Art Directors",
                        "names": [
                            "Mateo161013"
                        ]
                    },
                    {
                        "title": "Artists",
                        "names": [
                            "Mateo161013"
                        ]
                    }
                ]
            }
        ]
    }
]